Id,median_house_value
0,239083.36666666667
1,259300.0
2,72643.33333333333
3,159903.33333333334
4,49033.333333333336
5,191693.33333333334
6,111140.0
7,100086.66666666667
8,139926.66666666666
9,71980.0
10,246710.0
11,225140.0
12,242980.03333333333
13,206410.0
14,214436.66666666666
15,101336.66666666667
16,105893.33333333333
17,162416.66666666666
18,244043.33333333334
19,468403.9
20,302256.6666666667
21,241490.03333333333
22,50270.0
23,415950.13333333336
24,225573.33333333334
25,102796.66666666667
26,274353.3333333333
27,181763.33333333334
28,84216.66666666667
29,126616.66666666667
30,63723.333333333336
31,316586.7
32,181433.33333333334
33,174096.66666666666
34,113690.0
35,103730.0
36,96656.66666666667
37,138856.66666666666
38,328793.4
39,167346.66666666666
40,119346.66666666667
41,174550.0
42,237163.33333333334
43,211390.0
44,211673.33333333334
45,184703.36666666667
46,272306.6666666667
47,236800.0
48,93873.33333333333
49,102000.0
50,259556.66666666666
51,495947.6
52,216526.66666666666
53,324623.3333333333
54,88550.0
55,392596.76666666666
56,195036.7
57,151123.33333333334
58,373833.36666666664
59,177280.0
60,198626.66666666666
61,184676.66666666666
62,293903.3333333333
63,293300.0
64,186293.33333333334
65,427790.3333333333
66,137870.0
67,98116.66666666667
68,91343.33333333333
69,138036.66666666666
70,99100.0
71,229136.66666666666
72,109573.33333333333
73,257536.66666666666
74,142853.33333333334
75,225483.33333333334
76,118233.33333333333
77,125113.33333333333
78,217556.73333333334
79,202376.66666666666
80,80223.33333333333
81,101170.0
82,210416.66666666666
83,109103.33333333333
84,241060.0
85,137970.0
86,127676.66666666667
87,264776.6666666667
88,147990.0
89,109773.33333333333
90,142606.66666666666
91,166390.0
92,309956.7
93,140636.66666666666
94,290406.6666666667
95,328290.0333333333
96,255683.33333333334
97,454540.5333333333
98,177340.0
99,259173.33333333334
100,291703.3333333333
101,86566.66666666667
102,250080.0
103,338490.0333333333
104,103116.66666666667
105,187063.33333333334
106,156853.33333333334
107,117853.33333333333
108,270496.6666666667
109,63116.666666666664
110,118260.0
111,139540.0
112,138983.33333333334
113,115270.0
114,71713.33333333333
115,250223.36666666667
116,200086.7
117,252406.66666666666
118,106206.66666666667
119,360753.36666666664
120,370683.4666666667
121,133946.66666666666
122,284480.0333333333
123,180986.66666666666
124,136353.33333333334
125,380276.9
126,82156.66666666667
127,123166.66666666667
128,68313.33333333333
129,143643.33333333334
130,125530.0
131,394490.23333333334
132,209450.0
133,328530.06666666665
134,177296.66666666666
135,188910.0
136,68570.0
137,150946.66666666666
138,144913.33333333334
139,151786.66666666666
140,408543.73333333334
141,113060.0
142,255996.73333333334
143,308666.6666666667
144,156700.0
145,163276.66666666666
146,177033.33333333334
147,341670.1
148,311856.6666666667
149,421510.3333333333
150,235396.66666666666
151,187943.33333333334
152,142360.0
153,138420.0
154,203420.0
155,51753.333333333336
156,188306.66666666666
157,317950.0333333333
158,60830.0
159,84653.33333333333
160,147890.0
161,131423.33333333334
162,284986.6666666667
163,96910.0
164,242303.33333333334
165,185646.66666666666
166,374416.93333333335
167,252290.0
168,119253.33333333333
169,76230.0
170,389540.1666666667
171,264570.0
172,334426.7
173,240430.0
174,181953.33333333334
175,354993.5333333333
176,103043.33333333333
177,315860.0
178,183350.0
179,282916.6666666667
180,289573.3333333333
181,367640.0
182,64493.333333333336
183,234866.66666666666
184,247263.43333333332
185,188933.33333333334
186,250446.7
187,225890.0
188,254686.66666666666
189,154966.66666666666
190,129646.66666666667
191,126743.33333333333
192,212950.0
193,163753.33333333334
194,213786.7
195,107463.33333333333
196,202330.0
197,248643.36666666667
198,283450.0
199,217336.66666666666
200,131973.33333333334
201,204516.66666666666
202,302553.3333333333
203,186886.66666666666
204,416013.8333333333
205,212040.0
206,290270.0333333333
207,90603.33333333333
208,104150.0
209,299260.06666666665
210,281786.6666666667
211,413987.06666666665
212,106090.0
213,97660.0
214,145493.33333333334
215,98936.66666666667
216,310620.0
217,276253.36666666664
218,321430.0333333333
219,239416.66666666666
220,243470.0
221,335413.5
222,183266.66666666666
223,269863.4
224,359863.4
225,234310.03333333333
226,169980.0
227,94326.66666666667
228,253803.33333333334
229,363193.43333333335
230,291990.0333333333
231,115520.0
232,491540.93333333335
233,170403.33333333334
234,120016.66666666667
235,308596.7
236,241576.66666666666
237,113886.66666666667
238,210770.0
239,120693.33333333333
240,245103.33333333334
241,419277.0333333333
242,422590.2
243,158440.0
244,94460.0
245,179450.0
246,228616.66666666666
247,321193.36666666664
248,106060.0
249,113013.33333333333
250,158486.66666666666
251,230663.33333333334
252,94100.0
253,246073.33333333334
254,407896.93333333335
255,470230.7
256,223996.66666666666
257,71316.66666666667
258,147230.0
259,273886.6666666667
260,151573.33333333334
261,314583.36666666664
262,124913.33333333333
263,92586.66666666667
264,307166.8
265,266556.6666666667
266,208903.33333333334
267,220023.33333333334
268,147376.66666666666
269,262483.36666666664
270,244810.0
271,176690.0
272,78040.0
273,288480.0
274,86636.66666666667
275,309690.0333333333
276,121496.66666666667
277,169746.66666666666
278,128783.33333333333
279,237073.33333333334
280,424180.43333333335
281,379866.8333333333
282,197643.33333333334
283,236330.03333333333
284,393403.36666666664
285,192756.66666666666
286,273040.0333333333
287,165310.0
288,140623.33333333334
289,165996.66666666666
290,215160.0
291,185683.33333333334
292,181310.0
293,199630.03333333333
294,125493.33333333333
295,118950.0
296,103553.33333333333
297,107233.33333333333
298,85380.0
299,209476.66666666666
300,103106.66666666667
301,260616.7
302,191246.66666666666
303,181726.66666666666
304,201960.0
305,224340.06666666668
306,368870.1
307,445633.8
308,500001.0
309,197250.03333333333
310,247096.66666666666
311,470720.73333333334
312,350106.7
313,163220.0
314,170590.0
315,301416.6666666667
316,220716.73333333334
317,222103.33333333334
318,311950.0
319,305523.56666666665
320,210933.33333333334
321,107793.33333333333
322,304520.1
323,156776.66666666666
324,219736.66666666666
325,293120.1666666667
326,199053.33333333334
327,217330.0
328,259706.66666666666
329,238816.66666666666
330,126800.0
331,212400.0
332,88673.33333333333
333,204726.66666666666
334,224123.36666666667
335,94460.0
336,198163.33333333334
337,468687.3
338,185966.66666666666
339,81883.33333333333
340,296046.73333333334
341,263653.36666666664
342,141916.66666666666
343,121580.0
344,263600.1666666667
345,185500.0
346,316593.3333333333
347,139603.33333333334
348,57560.0
349,156806.66666666666
350,211776.66666666666
351,223723.33333333334
352,384756.86666666664
353,284360.0
354,140730.0
355,381490.0333333333
356,319153.36666666664
357,411403.5333333333
358,126603.33333333333
359,186506.66666666666
360,69036.66666666667
361,149886.66666666666
362,99080.0
363,86570.0
364,118883.33333333333
365,298066.6666666667
366,275930.2
367,146803.33333333334
368,154660.0
369,119566.66666666667
370,252093.33333333334
371,89126.66666666667
372,198866.66666666666
373,99493.33333333333
374,281480.0
375,147403.33333333334
376,171493.33333333334
377,163060.0
378,102940.0
379,212716.66666666666
380,445043.73333333334
381,210066.66666666666
382,203113.33333333334
383,137666.66666666666
384,109970.0
385,173630.0
386,107033.33333333333
387,169856.66666666666
388,219973.33333333334
389,216076.66666666666
390,173240.0
391,55830.0
392,292776.6666666667
393,398986.9666666667
394,99743.33333333333
395,106776.66666666667
396,167566.66666666666
397,90263.33333333333
398,131890.0
399,241676.66666666666
400,411753.6
401,140550.0
402,266850.0
403,112500.0
404,200916.66666666666
405,370480.2
406,236533.33333333334
407,232193.33333333334
408,312703.36666666664
409,220306.66666666666
410,153500.0
411,268890.2
412,70100.0
413,239143.33333333334
414,95983.33333333333
415,391756.93333333335
416,363006.9
417,73370.0
418,337286.6666666667
419,244963.4
420,285333.36666666664
421,304903.36666666664
422,171386.66666666666
423,173276.66666666666
424,307053.5
425,151460.0
426,278106.73333333334
427,188016.66666666666
428,265633.3333333333
429,183313.33333333334
430,140693.33333333334
431,83870.0
432,180960.0
433,251800.0
434,228986.66666666666
435,53696.666666666664
436,96570.0
437,310723.3333333333
438,248190.03333333333
439,153193.33333333334
440,276783.3333333333
441,196336.66666666666
442,225096.66666666666
443,371630.1
444,286866.6666666667
445,124210.0
446,151600.0
447,274370.0333333333
448,100443.33333333333
449,178470.0
450,164220.0
451,125796.66666666667
452,72113.33333333333
453,190913.33333333334
454,180623.33333333334
455,262363.4
456,244236.66666666666
457,157136.66666666666
458,337730.0333333333
459,126390.0
460,174386.66666666666
461,76163.33333333333
462,121070.0
463,246473.33333333334
464,471193.93333333335
465,165276.66666666666
466,119813.33333333333
467,215083.33333333334
468,470487.3
469,242480.0
470,147290.0
471,120856.66666666667
472,258546.66666666666
473,300863.3333333333
474,231376.66666666666
475,164996.66666666666
476,111433.33333333333
477,346533.4666666667
478,389543.6
479,220570.03333333333
480,84576.66666666667
481,179446.66666666666
482,276913.3333333333
483,175343.33333333334
484,251700.06666666668
485,253923.33333333334
486,256216.66666666666
487,199986.66666666666
488,471327.3333333333
489,129750.0
490,142223.33333333334
491,221003.33333333334
492,134913.33333333334
493,157293.33333333334
494,91190.0
495,219130.0
496,117160.0
497,223806.7
498,347623.36666666664
499,312050.0333333333
500,80560.0
501,367533.43333333335
502,130290.0
503,332290.06666666665
504,312283.3333333333
505,81226.66666666667
506,176790.0
507,157036.66666666666
508,267023.3333333333
509,457443.8
510,221093.33333333334
511,133150.0
512,417986.86666666664
513,94976.66666666667
514,162490.0
515,170903.33333333334
516,116890.0
517,386670.1666666667
518,357716.73333333334
519,147250.0
520,214950.0
521,106003.36666666667
522,238180.0
523,185770.0
524,318990.06666666665
525,200380.0
526,198156.66666666666
527,398193.4666666667
528,141366.66666666666
529,160530.0
530,207290.0
531,253386.66666666666
532,131570.0
533,117766.66666666667
534,161750.0
535,139743.33333333334
536,213040.0
537,451260.5
538,155856.66666666666
539,133313.33333333334
540,106613.33333333333
541,365626.7
542,98220.0
543,249560.0
544,240900.0
545,152216.66666666666
546,124623.36666666667
547,129036.66666666667
548,94510.0
549,202610.0
550,168493.33333333334
551,115860.0
552,220606.66666666666
553,186043.33333333334
554,98466.66666666667
555,231786.66666666666
556,110483.33333333333
557,283126.6666666667
558,142486.66666666666
559,159793.33333333334
560,132796.66666666666
561,160263.36666666667
562,250503.33333333334
563,211966.66666666666
564,321016.73333333334
565,268006.7
566,140220.0
567,251483.33333333334
568,205936.7
569,161493.33333333334
570,117906.66666666667
571,120343.33333333333
572,260716.66666666666
573,111813.33333333333
574,332753.4
575,183183.33333333334
576,128896.66666666667
577,247396.66666666666
578,170263.33333333334
579,131250.0
580,471057.36666666664
581,215030.0
582,185553.33333333334
583,137456.66666666666
584,145370.0
585,251293.33333333334
586,150010.0
587,268346.6666666667
588,130166.7
589,332643.36666666664
590,145020.0
591,201553.33333333334
592,122213.33333333333
593,159856.66666666666
594,108706.66666666667
595,69670.0
596,195766.66666666666
597,318530.0
598,298373.4
599,160663.33333333334
600,76223.33333333333
601,196020.0
602,52690.0
603,222120.0
604,152146.66666666666
605,80530.0
606,481940.8333333333
607,101950.0
608,403390.3
609,163946.66666666666
610,316766.7
611,140493.33333333334
612,176623.33333333334
613,302103.4
614,320153.3333333333
615,332363.4
616,166233.33333333334
617,420960.13333333336
618,175596.66666666666
619,246023.33333333334
620,196360.0
621,165646.66666666666
622,128623.33333333333
623,398780.1666666667
624,163556.66666666666
625,152260.0
626,160410.0
627,156113.33333333334
628,68860.0
629,187950.0
630,262946.76666666666
631,75456.66666666667
632,191013.33333333334
633,168543.33333333334
634,200716.66666666666
635,308406.73333333334
636,68603.33333333333
637,227670.0
638,486034.2
639,123113.33333333333
640,260983.33333333334
641,287020.0
642,159290.0
643,174040.0
644,178556.66666666666
645,162876.66666666666
646,114520.0
647,129970.0
648,249536.66666666666
649,280723.3333333333
650,183413.33333333334
651,149863.33333333334
652,168056.66666666666
653,207186.66666666666
654,115036.66666666667
655,126046.66666666667
656,213243.33333333334
657,138576.66666666666
658,215916.66666666666
659,199493.33333333334
660,197713.33333333334
661,100113.33333333333
662,122806.66666666667
663,197143.33333333334
664,222626.66666666666
665,113576.66666666667
666,189673.33333333334
667,175253.33333333334
668,70520.0
669,244486.66666666666
670,207860.0
671,250563.33333333334
672,125653.33333333333
673,56970.0
674,173196.66666666666
675,138006.66666666666
676,168436.66666666666
677,262476.76666666666
678,77093.33333333333
679,214983.33333333334
680,109713.33333333333
681,274093.3333333333
682,111140.0
683,111226.66666666667
684,346493.5333333333
685,191393.33333333334
686,244423.33333333334
687,212160.0
688,162476.66666666666
689,150420.0
690,201270.0
691,79680.0
692,429880.26666666666
693,332026.7
694,112090.0
695,66690.0
696,170100.0
697,142886.66666666666
698,281040.0333333333
699,224826.73333333334
700,73653.33333333333
701,306043.3333333333
702,111490.0
703,200470.0
704,257100.0
705,270390.0
706,169023.33333333334
707,272646.6666666667
708,213106.66666666666
709,495627.6
710,183286.66666666666
711,379203.36666666664
712,306003.36666666664
713,276113.3333333333
714,278596.73333333334
715,306463.4
716,319030.0333333333
717,200306.66666666666
718,380210.0333333333
719,237213.33333333334
720,290316.7
721,83643.33333333333
722,205910.0
723,181586.66666666666
724,335066.6666666667
725,192383.33333333334
726,192826.66666666666
727,129763.33333333333
728,102956.66666666667
729,261313.33333333334
730,380766.8
731,315500.06666666665
732,160643.33333333334
733,110753.33333333333
734,174783.33333333334
735,161636.66666666666
736,305826.6666666667
737,256860.03333333333
738,131683.33333333334
739,254540.0
740,128383.33333333333
741,332876.6666666667
742,187900.03333333333
743,222086.66666666666
744,165866.66666666666
745,359826.8
746,75203.33333333333
747,89513.33333333333
748,236066.66666666666
749,357103.43333333335
750,121733.33333333333
751,295020.0
752,127033.33333333333
753,118620.0
754,295040.0
755,116966.66666666667
756,327636.93333333335
757,96453.33333333333
758,287463.3333333333
759,236593.36666666667
760,335900.06666666665
761,400670.26666666666
762,76430.0
763,177286.66666666666
764,222290.0
765,86896.66666666667
766,158336.66666666666
767,131776.66666666666
768,237370.0
769,440890.43333333335
770,53530.0
771,155836.66666666666
772,190520.0
773,50523.333333333336
774,381263.4666666667
775,181663.33333333334
776,243370.0
777,179673.33333333334
778,108430.0
779,175176.66666666666
780,280010.0
781,234550.03333333333
782,259843.33333333334
783,203663.33333333334
784,134010.0
785,376586.6666666667
786,498007.6
787,144823.33333333334
788,114063.33333333333
789,272993.36666666664
790,116910.0
791,277373.3333333333
792,147046.66666666666
793,253740.0
794,224203.33333333334
795,110386.66666666667
796,224903.33333333334
797,116716.66666666667
798,228806.66666666666
799,194466.73333333334
800,469050.7
801,244166.66666666666
802,130140.0
803,130193.33333333333
804,128160.0
805,60933.333333333336
806,275960.0
807,357203.5
808,162706.66666666666
809,177620.03333333333
810,447330.36666666664
811,283490.0333333333
812,124390.0
813,238496.66666666666
814,71243.33333333333
815,62306.666666666664
816,105293.33333333333
817,92240.0
818,339053.3333333333
819,99813.33333333333
820,124663.33333333333
821,134193.33333333334
822,184043.33333333334
823,322273.4
824,173760.0
825,257806.66666666666
826,429203.63333333336
827,115170.0
828,124046.66666666667
829,176596.66666666666
830,382937.0333333333
831,214076.66666666666
832,398270.1
833,225046.66666666666
834,74416.66666666667
835,157790.0
836,103386.66666666667
837,159430.0
838,313806.6666666667
839,274340.0
840,237720.0
841,213573.33333333334
842,258373.33333333334
843,214573.33333333334
844,105133.33333333333
845,201103.33333333334
846,64293.333333333336
847,152920.0
848,159830.0
849,121153.33333333333
850,93256.66666666667
851,147230.0
852,160460.0
853,249986.66666666666
854,179783.33333333334
855,299393.4
856,163703.33333333334
857,229066.66666666666
858,156476.66666666666
859,326990.0333333333
860,132856.66666666666
861,196206.66666666666
862,59946.666666666664
863,235216.66666666666
864,187243.33333333334
865,196723.33333333334
866,150093.33333333334
867,153216.66666666666
868,193780.0
869,225406.7
870,213626.66666666666
871,118153.33333333333
872,317843.43333333335
873,63686.666666666664
874,135346.66666666666
875,195826.66666666666
876,185323.33333333334
877,98700.0
878,192050.0
879,426106.9666666667
880,299920.0
881,159120.0
882,233606.66666666666
883,186066.66666666666
884,142626.66666666666
885,85213.33333333333
886,305973.4
887,227346.66666666666
888,241223.33333333334
889,81206.66666666667
890,85753.33333333333
891,155036.66666666666
892,293703.43333333335
893,289540.0333333333
894,208603.33333333334
895,146603.33333333334
896,123806.66666666667
897,110656.66666666667
898,77733.33333333333
899,386593.6666666667
900,239943.33333333334
901,301176.8
902,90916.66666666667
903,230693.33333333334
904,96706.66666666667
905,155990.0
906,74850.0
907,140770.0
908,158150.0
909,203416.66666666666
910,268040.0333333333
911,211943.33333333334
912,207230.0
913,217886.66666666666
914,143870.0
915,203490.0
916,216320.03333333333
917,226943.33333333334
918,261270.0
919,167186.66666666666
920,146060.0
921,119370.0
922,492314.2
923,266986.6666666667
924,138006.66666666666
925,172663.33333333334
926,222420.0
927,110110.0
928,70756.66666666667
929,72903.33333333333
930,188523.33333333334
931,370783.36666666664
932,179633.33333333334
933,431230.13333333336
934,390230.2
935,153290.0
936,157263.33333333334
937,83373.33333333333
938,316316.76666666666
939,279933.36666666664
940,352310.0333333333
941,73473.33333333333
942,464273.76666666666
943,181896.66666666666
944,103110.0
945,500001.0
946,194830.0
947,135656.66666666666
948,338556.6666666667
949,165496.66666666666
950,71250.0
951,116470.0
952,135843.33333333334
953,78270.0
954,111646.66666666667
955,252406.66666666666
956,269130.0
957,191576.66666666666
958,218660.0
959,90030.0
960,76943.33333333333
961,170206.66666666666
962,320763.36666666664
963,78786.66666666667
964,111306.66666666667
965,223140.03333333333
966,82790.0
967,336356.6666666667
968,269310.0333333333
969,207010.0
970,268380.0
971,298630.06666666665
972,127830.0
973,169633.33333333334
974,257273.36666666667
975,372820.1
976,212380.0
977,276103.3333333333
978,370506.73333333334
979,158250.0
980,182036.66666666666
981,263520.0
982,236863.36666666667
983,386740.2
984,107283.33333333333
985,163723.33333333334
986,187210.0
987,135193.33333333334
988,298503.3333333333
989,109680.0
990,211750.0
991,144283.33333333334
992,151296.66666666666
993,159826.66666666666
994,236086.7
995,114020.0
996,211363.33333333334
997,133976.66666666666
998,352356.8
999,91643.33333333333
1000,161143.33333333334
1001,123293.33333333333
1002,121873.33333333333
1003,246840.0
1004,168116.7
1005,305753.36666666664
1006,126900.0
1007,153216.66666666666
1008,236016.66666666666
1009,219090.0
1010,200500.0
1011,425120.43333333335
1012,131400.0
1013,376133.4666666667
1014,135170.0
1015,100400.0
1016,269916.7
1017,108920.0
1018,210443.33333333334
1019,271270.0
1020,140403.33333333334
1021,484697.5333333333
1022,484777.5333333333
1023,257773.33333333334
1024,180870.0
1025,128500.0
1026,158340.0
1027,171960.0
1028,149973.33333333334
1029,72596.66666666667
1030,157326.66666666666
1031,356553.4
1032,99236.66666666667
1033,71043.33333333333
1034,275450.0
1035,50540.0
1036,199770.0
1037,221473.33333333334
1038,415263.5333333333
1039,340220.0333333333
1040,151976.66666666666
1041,170200.0
1042,130440.0
1043,283260.0
1044,137726.66666666666
1045,194130.0
1046,193240.0
1047,101136.66666666667
1048,127786.66666666667
1049,157663.33333333334
1050,158920.0
1051,479734.1666666667
1052,245943.36666666667
1053,271553.3333333333
1054,120500.0
1055,154690.0
1056,286373.36666666664
1057,121990.0
1058,214046.7
1059,94890.0
1060,98150.0
1061,276900.0
1062,106300.0
1063,291643.3333333333
1064,209626.66666666666
1065,76486.66666666667
1066,199940.0
1067,251246.66666666666
1068,101046.66666666667
1069,173773.33333333334
1070,172576.66666666666
1071,115716.66666666667
1072,243606.66666666666
1073,98653.33333333333
1074,303266.6666666667
1075,118516.56666666667
1076,138913.33333333334
1077,164726.7
1078,115946.66666666667
1079,158146.66666666666
1080,392700.26666666666
1081,169130.0
1082,108413.33333333333
1083,299690.1
1084,132186.66666666666
1085,153926.66666666666
1086,234113.33333333334
1087,334093.4
1088,341640.06666666665
1089,382043.5333333333
1090,230570.0
1091,151270.0
1092,193440.0
1093,495000.9666666667
1094,218016.66666666666
1095,356336.76666666666
1096,92470.0
1097,247756.66666666666
1098,347483.4
1099,225916.7
1100,75496.66666666667
1101,239366.66666666666
1102,235256.73333333334
1103,291043.3333333333
1104,215093.33333333334
1105,190610.0
1106,148780.0
1107,357090.1666666667
1108,304383.3333333333
1109,88193.33333333333
1110,262056.76666666666
1111,176266.66666666666
1112,257686.66666666666
1113,204590.0
1114,291480.1
1115,145106.66666666666
1116,117153.33333333333
1117,211876.66666666666
1118,156553.33333333334
1119,263406.6666666667
1120,200736.66666666666
1121,261116.66666666666
1122,121243.33333333333
1123,96193.33333333333
1124,311150.0
1125,90103.33333333333
1126,164046.66666666666
1127,293173.3333333333
1128,333956.7
1129,79706.66666666667
1130,123820.0
1131,450860.4666666667
1132,88193.33333333333
1133,237526.7
1134,360726.76666666666
1135,307496.6666666667
1136,129096.66666666667
1137,188566.66666666666
1138,482194.1
1139,126163.33333333333
1140,166786.66666666666
1141,241613.33333333334
1142,217926.66666666666
1143,108530.0
1144,195640.0
1145,79970.0
1146,230270.0
1147,203333.43333333332
1148,64193.333333333336
1149,76286.66666666667
1150,182680.0
1151,132490.0
1152,98453.33333333333
1153,246836.66666666666
1154,177360.0
1155,398003.6666666667
1156,55746.666666666664
1157,144226.66666666666
1158,231333.33333333334
1159,193073.33333333334
1160,59740.0
1161,109363.33333333333
1162,228936.66666666666
1163,76900.0
1164,234883.33333333334
1165,217153.33333333334
1166,224466.66666666666
1167,191730.0
1168,189406.66666666666
1169,195550.0
1170,222550.0
1171,55273.333333333336
1172,200073.36666666667
1173,269716.7
1174,237806.66666666666
1175,412826.8333333333
1176,84533.33333333333
1177,197533.33333333334
1178,150216.66666666666
1179,291150.0
1180,376720.0333333333
1181,287706.7
1182,115523.33333333333
1183,179960.0
1184,167936.66666666666
1185,209730.0
1186,218026.66666666666
1187,323593.3333333333
1188,120380.0
1189,219790.0
1190,327380.06666666665
1191,221436.66666666666
1192,212943.33333333334
1193,198960.0
1194,58986.666666666664
1195,96593.33333333333
1196,256750.03333333333
1197,163106.66666666666
1198,177960.0
1199,380816.9666666667
1200,119210.0
1201,294470.06666666665
1202,194973.33333333334
1203,272163.3333333333
1204,126006.66666666667
1205,210150.0
1206,212383.33333333334
1207,83633.33333333333
1208,97400.0
1209,93053.33333333333
1210,191173.33333333334
1211,114376.66666666667
1212,449630.56666666665
1213,135830.0
1214,140216.66666666666
1215,353286.76666666666
1216,278340.0
1217,193670.0
1218,243806.7
1219,173803.33333333334
1220,89333.33333333333
1221,320016.6666666667
1222,219706.7
1223,245293.33333333334
1224,166006.66666666666
1225,209446.66666666666
1226,137226.66666666666
1227,103556.66666666667
1228,474937.3333333333
1229,271290.0
1230,164070.0
1231,104556.66666666667
1232,374300.0333333333
1233,165246.66666666666
1234,328806.6666666667
1235,79180.0
1236,105186.66666666667
1237,178726.66666666666
1238,94616.66666666667
1239,288866.6666666667
1240,349600.0
1241,146753.33333333334
1242,211040.0
1243,202440.0
1244,213173.33333333334
1245,116300.0
1246,230796.66666666666
1247,335866.7
1248,179693.33333333334
1249,288603.3333333333
1250,136310.0
1251,372966.8333333333
1252,227943.33333333334
1253,170370.0
1254,100760.0
1255,461747.3333333333
1256,119903.33333333333
1257,107566.66666666667
1258,229923.33333333334
1259,393240.1
1260,157526.66666666666
1261,119320.0
1262,276353.3333333333
1263,213836.66666666666
1264,114460.0
1265,209750.0
1266,246820.0
1267,197820.06666666668
1268,325273.36666666664
1269,284156.76666666666
1270,229940.0
1271,225460.0
1272,108270.0
1273,442457.06666666665
1274,345970.1
1275,363923.6
1276,344136.8
1277,106516.66666666667
1278,301896.6666666667
1279,199296.66666666666
1280,111966.66666666667
1281,89516.66666666667
1282,111920.0
1283,120473.33333333333
1284,101640.0
1285,269800.0333333333
1286,166500.0
1287,147653.33333333334
1288,68760.0
1289,233653.33333333334
1290,97216.66666666667
1291,108403.33333333333
1292,271366.7
1293,152123.33333333334
1294,205503.33333333334
1295,114820.0
1296,174406.7
1297,123826.66666666667
1298,361706.73333333334
1299,128913.33333333333
1300,306523.36666666664
1301,124576.66666666667
1302,193900.0
1303,269263.3333333333
1304,193336.66666666666
1305,457167.26666666666
1306,97340.0
1307,138970.0
1308,187870.0
1309,123200.0
1310,187873.36666666667
1311,423383.63333333336
1312,122580.0
1313,103610.0
1314,192396.66666666666
1315,266773.3333333333
1316,361116.8333333333
1317,160856.66666666666
1318,123606.66666666667
1319,289890.0333333333
1320,495544.3
1321,491317.56666666665
1322,134013.33333333334
1323,188233.33333333334
1324,56400.0
1325,294776.6666666667
1326,265453.4666666667
1327,161126.66666666666
1328,167793.33333333334
1329,62983.333333333336
1330,207486.66666666666
1331,362660.1666666667
1332,373340.1
1333,113566.66666666667
1334,235306.66666666666
1335,59966.666666666664
1336,227936.66666666666
1337,150380.0
1338,107126.66666666667
1339,199460.0
1340,285446.7
1341,133960.0
1342,166950.0
1343,245190.0
1344,97216.66666666667
1345,98163.33333333333
1346,375296.7
1347,332730.06666666665
1348,250796.66666666666
1349,251796.66666666666
1350,447333.8
1351,340373.5
1352,336643.4666666667
1353,144036.66666666666
1354,248973.33333333334
1355,147903.33333333334
1356,129510.0
1357,169680.0
1358,77936.66666666667
1359,309986.76666666666
1360,172330.0
1361,73796.66666666667
1362,89426.66666666667
1363,77070.0
1364,435103.73333333334
1365,111706.66666666667
1366,103463.33333333333
1367,293193.43333333335
1368,196390.0
1369,70280.0
1370,102300.0
1371,69656.66666666667
1372,173223.33333333334
1373,427403.73333333334
1374,300450.06666666665
1375,134536.66666666666
1376,268813.36666666664
1377,166110.0
1378,206293.33333333334
1379,277960.0333333333
1380,418480.1666666667
1381,259226.66666666666
1382,115480.0
1383,210350.0
1384,154163.33333333334
1385,401406.93333333335
1386,107506.66666666667
1387,160023.33333333334
1388,318000.0
1389,173443.33333333334
1390,297900.0333333333
1391,103803.33333333333
1392,163176.66666666666
1393,168450.0
1394,66650.0
1395,179953.33333333334
1396,135883.33333333334
1397,258863.33333333334
1398,307803.3333333333
1399,70476.66666666667
1400,165446.66666666666
1401,357663.36666666664
1402,362166.86666666664
1403,251666.66666666666
1404,73643.33333333333
1405,167273.33333333334
1406,136443.33333333334
1407,94273.33333333333
1408,144530.0
1409,188790.0
1410,343016.8
1411,164183.33333333334
1412,108459.93333333333
1413,257016.66666666666
1414,148276.73333333334
1415,59886.666666666664
1416,98590.0
1417,262713.3333333333
1418,128803.33333333333
1419,127400.0
1420,167763.33333333334
1421,220556.66666666666
1422,161236.66666666666
1423,399303.56666666665
1424,351366.73333333334
1425,145950.0
1426,189346.66666666666
1427,381943.36666666664
1428,209336.66666666666
1429,236196.66666666666
1430,168710.0
1431,111763.33333333333
1432,212073.33333333334
1433,100556.66666666667
1434,277910.0
1435,142626.66666666666
1436,56720.0
1437,467080.56666666665
1438,215436.66666666666
1439,135966.66666666666
1440,129473.33333333333
1441,327630.2
1442,107343.3
1443,212730.0
1444,217293.33333333334
1445,276513.3333333333
1446,189653.33333333334
1447,368116.73333333334
1448,81876.66666666667
1449,114093.33333333333
1450,107710.0
1451,457283.93333333335
1452,368306.76666666666
1453,126343.33333333333
1454,275863.5
1455,221396.66666666666
1456,288763.36666666664
1457,118853.33333333333
1458,200873.33333333334
1459,180880.0
1460,165686.66666666666
1461,264383.36666666664
1462,172656.66666666666
1463,151873.33333333334
1464,148483.33333333334
1465,170766.66666666666
1466,248266.66666666666
1467,126290.0
1468,391120.06666666665
1469,110543.33333333333
1470,189233.33333333334
1471,259553.33333333334
1472,107196.66666666667
1473,137686.66666666666
1474,244303.33333333334
1475,219880.0
1476,174450.0
1477,179246.66666666666
1478,106293.33333333333
1479,117106.66666666667
1480,423097.0333333333
1481,254070.0
1482,226313.33333333334
1483,188946.66666666666
1484,276630.0
1485,295423.36666666664
1486,104496.66666666667
1487,476987.5333333333
1488,317786.6666666667
1489,258663.33333333334
1490,161876.66666666666
1491,144650.0
1492,66936.66666666667
1493,240186.66666666666
1494,118500.0
1495,405500.1666666667
1496,163773.33333333334
1497,427590.23333333334
1498,231840.0
1499,316360.06666666665
1500,121990.0
1501,59526.666666666664
1502,202720.0
1503,266623.3333333333
1504,205606.66666666666
1505,125513.33333333333
1506,109443.33333333333
1507,342813.3333333333
1508,310896.8333333333
1509,115223.33333333333
1510,260760.0
1511,205633.33333333334
1512,137330.0
1513,55370.0
1514,313583.3333333333
1515,154170.0
1516,136546.66666666666
1517,133350.0
1518,56596.666666666664
1519,143426.66666666666
1520,251883.33333333334
1521,295636.76666666666
1522,341053.4
1523,96796.63333333333
1524,146853.33333333334
1525,184393.36666666667
1526,128650.0
1527,378783.4666666667
1528,93316.66666666667
1529,205283.33333333334
1530,53993.333333333336
1531,112080.0
1532,252776.66666666666
1533,305493.4666666667
1534,110590.0
1535,399476.76666666666
1536,82743.33333333333
1537,184536.66666666666
1538,481120.76666666666
1539,223606.66666666666
1540,266560.0333333333
1541,92740.0
1542,88360.0
1543,147673.33333333334
1544,371500.13333333336
1545,82576.66666666667
1546,237026.66666666666
1547,129633.33333333333
1548,186446.66666666666
1549,65920.0
1550,222303.33333333334
1551,500001.0
1552,122406.66666666667
1553,305183.3333333333
1554,99806.66666666667
1555,332156.7
1556,351170.2
1557,235590.06666666668
1558,187870.0
1559,72440.0
1560,82250.0
1561,217966.66666666666
1562,315013.3333333333
1563,191476.66666666666
1564,168806.66666666666
1565,110776.66666666667
1566,252656.66666666666
1567,263993.3333333333
1568,363603.5333333333
1569,286573.4
1570,188686.66666666666
1571,219520.06666666668
1572,139120.0
1573,357956.8
1574,269880.0
1575,102636.66666666667
1576,113223.33333333333
1577,106476.66666666667
1578,99610.0
1579,196120.0
1580,234800.0
1581,186290.0
1582,149370.0
1583,343713.5333333333
1584,257193.36666666667
1585,99010.0
1586,206666.66666666666
1587,299686.6666666667
1588,151116.66666666666
1589,473770.7
1590,339593.4
1591,241646.66666666666
1592,185823.33333333334
1593,125840.0
1594,254270.03333333333
1595,373260.2
1596,261790.06666666668
1597,122640.0
1598,134130.0
1599,143110.0
1600,146060.0
1601,231206.66666666666
1602,89076.66666666667
1603,147186.66666666666
1604,124196.66666666667
1605,265106.6666666667
1606,58896.666666666664
1607,96730.0
1608,77176.66666666667
1609,97306.66666666667
1610,191206.66666666666
1611,257050.03333333333
1612,288826.6666666667
1613,114390.0
1614,328196.7
1615,192473.33333333334
1616,352460.06666666665
1617,82513.33333333333
1618,199450.0
1619,192396.66666666666
1620,198550.0
1621,278833.3333333333
1622,397996.76666666666
1623,94183.33333333333
1624,81163.33333333333
1625,117483.33333333333
1626,479714.06666666665
1627,489420.6666666667
1628,235613.36666666667
1629,102453.33333333333
1630,459030.6
1631,103213.33333333333
1632,315426.6666666667
1633,75070.0
1634,78390.0
1635,261306.66666666666
1636,222920.0
1637,136373.33333333334
1638,103030.0
1639,377750.06666666665
1640,121430.0
1641,66463.33333333333
1642,50553.333333333336
1643,465720.56666666665
1644,216583.33333333334
1645,289943.3333333333
1646,347180.06666666665
1647,477253.9666666667
1648,88950.0
1649,105886.66666666667
1650,334716.73333333334
1651,342453.4666666667
1652,149900.0
1653,256283.33333333334
1654,158566.66666666666
1655,295910.0
1656,171316.66666666666
1657,185370.0
1658,52086.666666666664
1659,150640.0
1660,177706.66666666666
1661,135796.66666666666
1662,278966.7
1663,324660.0333333333
1664,258903.33333333334
1665,196020.0
1666,196866.66666666666
1667,399006.93333333335
1668,157930.0
1669,123996.66666666667
1670,266596.6666666667
1671,94463.33333333333
1672,307023.36666666664
1673,184076.66666666666
1674,122690.0
1675,88206.66666666667
1676,162473.33333333334
1677,201066.66666666666
1678,300416.7
1679,293793.3333333333
1680,97080.0
1681,185180.0
1682,161746.66666666666
1683,299236.6666666667
1684,317516.73333333334
1685,305266.6666666667
1686,82156.66666666667
1687,296370.0
1688,362293.56666666665
1689,271550.0333333333
1690,113676.66666666667
1691,124583.33333333333
1692,259546.66666666666
1693,211563.33333333334
1694,154813.33333333334
1695,265350.0
1696,203673.33333333334
1697,169493.33333333334
1698,94766.66666666667
1699,102320.0
1700,140396.66666666666
1701,121000.0
1702,170413.33333333334
1703,262856.6666666667
1704,125426.66666666667
1705,181463.33333333334
1706,224616.66666666666
1707,131973.33333333334
1708,103253.33333333333
1709,224580.0
1710,141490.0
1711,174236.66666666666
1712,120216.63333333333
1713,229386.66666666666
1714,362310.23333333334
1715,279143.3333333333
1716,178923.33333333334
1717,144283.33333333334
1718,68220.0
1719,250236.66666666666
1720,268926.6666666667
1721,123343.33333333333
1722,344466.73333333334
1723,134226.66666666666
1724,311373.3333333333
1725,295093.3333333333
1726,80086.66666666667
1727,77926.66666666667
1728,91860.0
1729,206163.33333333334
1730,188800.0
1731,174983.33333333334
1732,251950.0
1733,410713.4666666667
1734,176940.0
1735,146940.0
1736,65360.0
1737,130386.66666666667
1738,124103.33333333333
1739,260150.03333333333
1740,224883.33333333334
1741,191973.33333333334
1742,179640.0
1743,237713.33333333334
1744,183890.0
1745,212840.0
1746,115000.0
1747,146723.33333333334
1748,353520.0333333333
1749,257463.36666666667
1750,165670.0
1751,84153.33333333333
1752,424403.8333333333
1753,100326.66666666667
1754,154783.33333333334
1755,243530.03333333333
1756,98003.33333333333
1757,166526.66666666666
1758,165513.33333333334
1759,280700.0333333333
1760,173773.33333333334
1761,270890.06666666665
1762,198136.66666666666
1763,310466.6666666667
1764,218130.0
1765,98110.0
1766,181283.33333333334
1767,79876.66666666667
1768,366490.4
1769,323190.0
1770,136970.0
1771,398950.0
1772,60993.333333333336
1773,262126.66666666666
1774,248370.0
1775,147686.66666666666
1776,129790.0
1777,170020.0
1778,286086.6666666667
1779,240033.33333333334
1780,99800.0
1781,295280.0
1782,170266.66666666666
1783,162440.0
1784,353433.43333333335
1785,85643.33333333333
1786,208796.66666666666
1787,133516.66666666666
1788,127166.66666666667
1789,276303.3333333333
1790,162466.66666666666
1791,140806.66666666666
1792,162956.66666666666
1793,248336.66666666666
1794,76830.0
1795,333336.8
1796,170433.33333333334
1797,158980.0
1798,163453.33333333334
1799,395793.5333333333
1800,460807.13333333336
1801,261116.66666666666
1802,356500.0333333333
1803,327023.3333333333
1804,103190.0
1805,75440.0
1806,197466.66666666666
1807,90553.33333333333
1808,213940.0
1809,138086.66666666666
1810,227343.43333333332
1811,167486.66666666666
1812,132443.33333333334
1813,190896.66666666666
1814,277843.3333333333
1815,105253.33333333333
1816,178666.66666666666
1817,205126.66666666666
1818,104496.66666666667
1819,171066.66666666666
1820,181320.0
1821,236460.0
1822,247040.0
1823,196346.66666666666
1824,152960.0
1825,120570.0
1826,79443.33333333333
1827,157366.66666666666
1828,151430.0
1829,205963.43333333332
1830,129840.03333333334
1831,193956.66666666666
1832,233576.66666666666
1833,152373.33333333334
1834,342303.36666666664
1835,84470.0
1836,187843.33333333334
1837,118320.0
1838,64130.0
1839,94483.33333333333
1840,96666.66666666667
1841,151923.33333333334
1842,224393.33333333334
1843,84700.0
1844,70013.33333333333
1845,152093.33333333334
1846,125553.33333333333
1847,122250.0
1848,82856.66666666667
1849,67006.66666666667
1850,316493.3333333333
1851,187346.66666666666
1852,164993.33333333334
1853,188673.33333333334
1854,260030.0
1855,142123.33333333334
1856,200183.33333333334
1857,103560.0
1858,166910.0
1859,384920.2
1860,188963.33333333334
1861,274270.0333333333
1862,386230.1666666667
1863,298876.73333333334
1864,94493.33333333333
1865,208856.66666666666
1866,126980.0
1867,100273.33333333333
1868,260176.7
1869,380083.4
1870,364473.4666666667
1871,171536.66666666666
1872,87070.0
1873,208836.66666666666
1874,218136.66666666666
1875,138900.0
1876,112546.66666666667
1877,75016.66666666667
1878,126813.33333333333
1879,384433.4666666667
1880,83703.33333333333
1881,50843.333333333336
1882,233860.1
1883,353683.43333333335
1884,103990.0
1885,89560.0
1886,224916.7
1887,108713.33333333333
1888,347056.7
1889,175056.66666666666
1890,348603.63333333336
1891,96443.33333333333
1892,187556.66666666666
1893,462700.7
1894,232603.33333333334
1895,65190.0
1896,273460.0333333333
1897,421330.3333333333
1898,142990.0
1899,156726.66666666666
1900,61483.333333333336
1901,208813.33333333334
1902,284963.3333333333
1903,301370.1
1904,417333.4666666667
1905,96873.33333333333
1906,118276.66666666667
1907,269046.6666666667
1908,91450.0
1909,118766.66666666667
1910,453463.9666666667
1911,212283.33333333334
1912,406593.5333333333
1913,377460.1666666667
1914,373130.23333333334
1915,298576.73333333334
1916,229080.0
1917,269963.3333333333
1918,254533.33333333334
1919,253833.33333333334
1920,386833.5
1921,223496.66666666666
1922,202450.03333333333
1923,475280.73333333334
1924,121719.96666666666
1925,345830.06666666665
1926,260740.0
1927,261670.0
1928,160503.33333333334
1929,183286.66666666666
1930,177420.0
1931,116190.0
1932,211190.0
1933,328293.4
1934,199243.33333333334
1935,351353.4666666667
1936,237446.66666666666
1937,397920.1666666667
1938,111633.33333333333
1939,209570.0
1940,116110.0
1941,54763.333333333336
1942,126150.0
1943,62876.666666666664
1944,94616.66666666667
1945,263106.6666666667
1946,250833.33333333334
1947,404463.5333333333
1948,127596.66666666667
1949,241673.36666666667
1950,306843.4
1951,155830.0
1952,111180.0
1953,301263.43333333335
1954,131720.0
1955,228970.0
1956,110513.33333333333
1957,89756.66666666667
1958,146233.33333333334
1959,268553.3333333333
1960,299683.36666666664
1961,183273.33333333334
1962,167613.33333333334
1963,396540.4666666667
1964,459717.23333333334
1965,194620.0
1966,412446.9666666667
1967,180306.66666666666
1968,215603.36666666667
1969,119250.0
1970,194863.33333333334
1971,279060.0
1972,156730.0
1973,87976.66666666667
1974,185253.33333333334
1975,104753.33333333333
1976,177373.33333333334
1977,276830.0
1978,254650.13333333333
1979,134256.66666666666
1980,101013.33333333333
1981,427870.3333333333
1982,67490.0
1983,221023.33333333334
1984,323890.0333333333
1985,240303.33333333334
1986,114923.33333333333
1987,349870.0333333333
1988,498980.9666666667
1989,277076.6666666667
1990,272016.7
1991,374683.6
1992,105876.66666666667
1993,133010.0
1994,96493.33333333333
1995,222123.33333333334
1996,254593.33333333334
1997,92340.0
1998,258896.66666666666
1999,202110.0
2000,131073.33333333334
2001,298733.36666666664
2002,179013.33333333334
2003,308693.3333333333
2004,254273.33333333334
2005,146366.66666666666
2006,114600.0
2007,189163.33333333334
2008,178950.0
2009,60793.333333333336
2010,116616.66666666667
2011,297946.7
2012,187993.33333333334
2013,230136.66666666666
2014,114033.33333333333
2015,247856.66666666666
2016,474384.1666666667
2017,67266.66666666667
2018,213693.33333333334
2019,333606.6666666667
2020,116983.33333333333
2021,278720.0
2022,316753.36666666664
2023,191030.0
2024,251653.36666666667
2025,299936.6666666667
2026,186563.33333333334
2027,405493.5
2028,187253.33333333334
2029,183646.66666666666
2030,215006.66666666666
2031,151223.33333333334
2032,98680.0
2033,192170.0
2034,214333.33333333334
2035,231316.66666666666
2036,162930.0
2037,449163.86666666664
2038,186486.66666666666
2039,487520.7
2040,497487.63333333336
2041,111066.66666666667
2042,129950.0
2043,95436.66666666667
2044,136626.66666666666
2045,95826.66666666667
2046,155750.0
2047,115476.66666666667
2048,196256.66666666666
2049,171050.0
2050,304910.0
2051,310370.0
2052,255406.66666666666
2053,429870.3
2054,166703.33333333334
2055,131216.66666666666
2056,84586.66666666667
2057,149126.66666666666
2058,75600.0
2059,97300.0
2060,193456.66666666666
2061,97813.33333333333
2062,170706.66666666666
2063,283573.3333333333
2064,211676.66666666666
2065,76796.66666666667
2066,163040.0
2067,195126.66666666666
2068,231926.66666666666
2069,124833.33333333333
2070,299793.3333333333
2071,109356.66666666667
2072,99176.66666666667
2073,235653.33333333334
2074,185683.33333333334
2075,376753.5333333333
2076,340373.43333333335
2077,156773.33333333334
2078,244426.66666666666
2079,283370.0333333333
2080,395760.13333333336
2081,183353.33333333334
2082,204483.33333333334
2083,154696.66666666666
2084,465387.3
2085,200323.36666666667
2086,178436.66666666666
2087,188073.33333333334
2088,168903.33333333334
2089,166320.0
2090,158523.33333333334
2091,115780.0
2092,239476.66666666666
2093,271936.6666666667
2094,156153.33333333334
2095,235910.1
2096,340043.3333333333
2097,76090.0
2098,123490.0
2099,179160.0
2100,437900.4
2101,250666.66666666666
2102,358873.5
2103,181533.33333333334
2104,102606.66666666667
2105,187100.0
2106,137883.33333333334
2107,117440.0
2108,179310.0
2109,106243.33333333333
2110,159170.0
2111,124046.66666666667
2112,192620.0
2113,60810.0
2114,432396.93333333335
2115,123636.66666666667
2116,92933.33333333333
2117,115816.66666666667
2118,76110.0
2119,189953.36666666667
2120,121626.66666666667
2121,314853.3333333333
2122,95216.66666666667
2123,324876.6666666667
2124,66213.33333333333
2125,237970.0
2126,162403.33333333334
2127,205813.36666666667
2128,173676.66666666666
2129,108283.33333333333
2130,173510.0
2131,192590.0
2132,375946.8333333333
2133,260886.7
2134,110790.0
2135,109766.66666666667
2136,186353.33333333334
2137,321616.8333333333
2138,298293.4666666667
2139,304260.0333333333
2140,118800.0
2141,73370.0
2142,299543.3333333333
2143,321670.0
2144,133563.33333333334
2145,146583.33333333334
2146,155676.66666666666
2147,258946.66666666666
2148,133456.66666666666
2149,136133.33333333334
2150,367030.13333333336
2151,271123.3333333333
2152,476147.43333333335
2153,215220.0
2154,163363.33333333334
2155,149163.33333333334
2156,102110.0
2157,377103.4666666667
2158,150523.33333333334
2159,142753.4
2160,64356.666666666664
2161,192180.0
2162,228210.0
2163,225563.33333333334
2164,429163.43333333335
2165,102616.66666666667
2166,117086.66666666667
2167,179616.66666666666
2168,205530.0
2169,69403.33333333333
2170,329456.7
2171,111926.66666666667
2172,150463.33333333334
2173,155720.0
2174,219573.33333333334
2175,236776.66666666666
2176,80216.66666666667
2177,441207.1
2178,174630.0
2179,203123.33333333334
2180,98846.66666666667
2181,104136.66666666667
2182,448230.63333333336
2183,241870.03333333333
2184,304233.4
2185,293343.4
2186,309096.7
2187,89436.66666666667
2188,210173.33333333334
2189,214113.33333333334
2190,147636.66666666666
2191,121230.0
2192,294830.1
2193,267080.0333333333
2194,169670.0
2195,226900.0
2196,198416.66666666666
2197,253760.06666666668
2198,190966.66666666666
2199,296526.73333333334
2200,102196.66666666667
2201,186526.73333333334
2202,291570.0
2203,144936.66666666666
2204,196373.33333333334
2205,189600.0
2206,322803.43333333335
2207,174670.0
2208,241416.7
2209,444470.4666666667
2210,240833.33333333334
2211,289823.4666666667
2212,420513.6666666667
2213,110820.0
2214,140106.66666666666
2215,89810.0
2216,157290.0
2217,468360.7
2218,191670.0
2219,460480.6666666667
2220,151493.33333333334
2221,479737.36666666664
2222,179913.33333333334
2223,232390.0
2224,246030.0
2225,146746.66666666666
2226,205270.0
2227,130260.0
2228,113333.33333333333
2229,197690.0
2230,165620.0
2231,102130.0
2232,62083.333333333336
2233,323000.1
2234,141910.0
2235,289236.6666666667
2236,117166.66666666667
2237,89763.33333333333
2238,233816.7
2239,317183.36666666664
2240,111213.33333333333
2241,344753.36666666664
2242,99033.33333333333
2243,169126.66666666666
2244,160943.33333333334
2245,182916.66666666666
2246,426496.86666666664
2247,324826.7
2248,168723.33333333334
2249,210423.33333333334
2250,240343.33333333334
2251,150473.33333333334
2252,325606.6666666667
2253,199883.33333333334
2254,271423.4666666667
2255,391923.5
2256,294443.3333333333
2257,157536.66666666666
2258,171236.66666666666
2259,414333.6666666667
2260,118850.0
2261,182250.0
2262,396886.8
2263,126233.33333333333
2264,125813.33333333333
2265,100210.0
2266,487600.7
2267,131726.66666666666
2268,69760.0
2269,168283.33333333334
2270,145803.33333333334
2271,176460.0
2272,144300.0
2273,226593.4
2274,124086.66666666667
2275,128266.66666666667
2276,450313.8
2277,136826.66666666666
2278,146443.33333333334
2279,242960.0
2280,129696.66666666667
2281,123433.33333333333
2282,175830.0
2283,227570.0
2284,132196.66666666666
2285,205000.0
2286,209546.66666666666
2287,121563.33333333333
2288,130390.0
2289,190016.66666666666
2290,336223.43333333335
2291,219863.33333333334
2292,68453.33333333333
2293,166220.0
2294,363693.43333333335
2295,222226.66666666666
2296,78460.0
2297,318586.8333333333
2298,303200.0
2299,252870.0
2300,120210.0
2301,177570.0
2302,235103.33333333334
2303,128190.0
2304,159783.33333333334
2305,201710.0
2306,250200.0
2307,144483.33333333334
2308,243773.33333333334
2309,216120.0
2310,282553.3333333333
2311,172053.33333333334
2312,296520.0
2313,200910.0
2314,301073.3333333333
2315,154220.0
2316,330566.8
2317,184560.0
2318,50706.666666666664
2319,115600.0
2320,119033.33333333333
2321,169253.33333333334
2322,442760.5
2323,108840.0
2324,155223.33333333334
2325,314360.0
2326,211256.66666666666
2327,78533.33333333333
2328,325843.3333333333
2329,100676.66666666667
2330,144600.0
2331,353430.13333333336
2332,70836.66666666667
2333,199923.33333333334
2334,161686.66666666666
2335,132426.66666666666
2336,429507.1
2337,221003.33333333334
2338,66383.33333333333
2339,76303.33333333333
2340,239440.0
2341,190536.66666666666
2342,307710.0333333333
2343,303340.13333333336
2344,145210.0
2345,147130.03333333333
2346,362623.36666666664
2347,202503.33333333334
2348,157660.0
2349,160690.16666666666
2350,82350.0
2351,135010.0
2352,107643.33333333333
2353,328566.6666666667
2354,137213.33333333334
2355,224570.0
2356,155386.66666666666
2357,70486.66666666667
2358,166270.0
2359,442290.56666666665
2360,112520.0
2361,81410.0
2362,252030.0
2363,88933.33333333333
2364,184026.66666666666
2365,179496.66666666666
2366,284570.0333333333
2367,475083.86666666664
2368,197610.0
2369,137630.0
2370,283313.3333333333
2371,252416.66666666666
2372,162270.0
2373,138970.0
2374,175320.0
2375,79736.66666666667
2376,252650.0
2377,204100.0
2378,81903.33333333333
2379,497227.6
2380,258883.36666666667
2381,104370.0
2382,112383.33333333333
2383,100193.33333333333
2384,93896.66666666667
2385,122173.33333333333
2386,267150.0
2387,192196.66666666666
2388,147573.33333333334
2389,309046.76666666666
2390,106080.0
2391,98706.66666666667
2392,118683.33333333333
2393,393040.23333333334
2394,221956.66666666666
2395,209870.0
2396,135556.66666666666
2397,216783.33333333334
2398,190973.33333333334
2399,367463.43333333335
2400,302783.3333333333
2401,210403.33333333334
2402,214763.33333333334
2403,307806.6666666667
2404,256513.33333333334
2405,141320.0
2406,88130.0
2407,86416.66666666667
2408,56966.666666666664
2409,203480.03333333333
2410,161643.33333333334
2411,160933.33333333334
2412,116873.33333333333
2413,168400.0
2414,235206.66666666666
2415,206290.0
2416,83010.0
2417,64973.333333333336
2418,113756.66666666667
2419,198770.0
2420,299533.3333333333
2421,353496.76666666666
2422,304176.7
2423,235806.7
2424,272450.0
2425,162713.33333333334
2426,458487.26666666666
2427,279040.0333333333
2428,446927.2
2429,198380.0
2430,215243.33333333334
2431,176026.66666666666
2432,214860.0
2433,76433.33333333333
2434,364330.06666666665
2435,145123.33333333334
2436,102283.36666666667
2437,166190.0
2438,212943.33333333334
2439,307346.7
2440,133340.0
2441,390013.5
2442,288393.3333333333
2443,148666.66666666666
2444,187216.66666666666
2445,313866.7
2446,238453.33333333334
2447,244806.66666666666
2448,53373.333333333336
2449,87296.66666666667
2450,75473.33333333333
2451,106600.0
2452,104666.66666666667
2453,238740.0
2454,109830.0
2455,78823.33333333333
2456,110726.66666666667
2457,229123.33333333334
2458,97960.0
2459,461697.23333333334
2460,138606.66666666666
2461,168130.0
2462,150696.66666666666
2463,237846.66666666666
2464,155210.0
2465,198900.0
2466,187250.0
2467,498870.9666666667
2468,299370.3
2469,177843.33333333334
2470,460624.1
2471,194846.66666666666
2472,120410.0
2473,97196.66666666667
2474,138963.33333333334
2475,101533.33333333333
2476,163030.0
2477,262790.0
2478,424930.1666666667
2479,246246.66666666666
2480,92356.66666666667
2481,135083.33333333334
2482,134676.66666666666
2483,83636.66666666667
2484,118226.66666666667
2485,128116.66666666667
2486,232106.66666666666
2487,79776.66666666667
2488,82433.33333333333
2489,118843.33333333333
2490,150263.33333333334
2491,91503.33333333333
2492,70253.33333333333
2493,253100.0
2494,80176.66666666667
2495,193776.66666666666
2496,421653.63333333336
2497,313243.4
2498,117653.33333333333
2499,171113.33333333334
2500,105366.66666666667
2501,217913.33333333334
2502,250913.33333333334
2503,332026.76666666666
2504,152043.33333333334
2505,312756.8333333333
2506,212626.66666666666
2507,114893.33333333333
2508,482660.76666666666
2509,426470.4
2510,310046.9
2511,300506.6666666667
2512,123720.0
2513,154596.66666666666
2514,135433.33333333334
2515,199283.33333333334
2516,137200.0
2517,191940.0
2518,248056.66666666666
2519,450110.56666666665
2520,404027.0333333333
2521,138713.33333333334
2522,204996.66666666666
2523,350803.36666666664
2524,240886.66666666666
2525,196033.33333333334
2526,377846.8
2527,227843.33333333334
2528,303373.3333333333
2529,296173.3333333333
2530,220826.73333333334
2531,163623.33333333334
2532,178190.0
2533,63070.0
2534,150493.33333333334
2535,308406.6666666667
2536,130376.66666666667
2537,71166.66666666667
2538,63200.0
2539,251820.0
2540,240836.66666666666
2541,128250.0
2542,82743.33333333333
2543,124410.0
2544,174663.33333333334
2545,76850.0
2546,351546.73333333334
2547,294636.6666666667
2548,148163.33333333334
2549,198563.33333333334
2550,77906.66666666667
2551,472027.3333333333
2552,97916.66666666667
2553,77893.33333333333
2554,94240.0
2555,326900.06666666665
2556,179440.0
2557,203640.0
2558,151226.66666666666
2559,161213.33333333334
2560,244440.0
2561,205916.66666666666
2562,111496.66666666667
2563,309336.6666666667
2564,379023.5
2565,461053.8333333333
2566,378206.8
2567,110866.66666666667
2568,224813.33333333334
2569,342176.6666666667
2570,49473.333333333336
2571,184120.0
2572,260726.7
2573,213406.66666666666
2574,404590.2
2575,222373.33333333334
2576,218250.0
2577,238476.66666666666
2578,174410.0
2579,57476.666666666664
2580,98323.33333333333
2581,254963.33333333334
2582,162276.66666666666
2583,496364.3
2584,403050.3
2585,132216.66666666666
2586,71800.0
2587,311273.3333333333
2588,151220.0
2589,179756.66666666666
2590,80650.0
2591,257170.03333333333
2592,205200.0
2593,300150.1
2594,55300.0
2595,393857.0
2596,274133.3333333333
2597,214453.33333333334
2598,89016.66666666667
2599,205486.66666666666
2600,215503.33333333334
2601,133743.33333333334
2602,102623.33333333333
2603,223620.0
2604,216846.66666666666
2605,453650.56666666665
2606,500001.0
2607,245743.33333333334
2608,307186.6666666667
2609,110590.0
2610,185240.0
2611,125726.66666666667
2612,147250.0
2613,98743.33333333333
2614,277156.7
2615,137466.66666666666
2616,107380.0
2617,141226.66666666666
2618,479080.6666666667
2619,95743.33333333333
2620,82350.0
2621,60583.333333333336
2622,216823.33333333334
2623,138850.0
2624,387340.1666666667
2625,113510.0
2626,125330.0
2627,158366.66666666666
2628,188473.33333333334
2629,126106.66666666667
2630,117806.66666666667
2631,123623.33333333333
2632,382166.73333333334
2633,116683.33333333333
2634,299870.13333333336
2635,84813.33333333333
2636,97006.66666666667
2637,322633.43333333335
2638,83550.0
2639,232093.36666666667
2640,373426.8333333333
2641,69793.33333333333
2642,220493.33333333334
2643,102626.66666666667
2644,431666.86666666664
2645,174380.0
2646,98506.66666666667
2647,52503.333333333336
2648,113850.0
2649,356766.6666666667
2650,308293.3333333333
2651,279830.0333333333
2652,92996.66666666667
2653,124146.66666666667
2654,115760.0
2655,75713.33333333333
2656,191056.66666666666
2657,193743.33333333334
2658,165676.66666666666
2659,100446.66666666667
2660,153616.66666666666
2661,95156.66666666667
2662,157770.0
2663,63240.0
2664,190803.33333333334
2665,474650.56666666665
2666,56763.333333333336
2667,273790.0
2668,173510.0
2669,191706.66666666666
2670,151233.36666666667
2671,89043.33333333333
2672,197776.66666666666
2673,417956.86666666664
2674,278870.1
2675,141433.33333333334
2676,160023.33333333334
2677,177516.66666666666
2678,379983.43333333335
2679,367676.73333333334
2680,348590.13333333336
2681,84413.33333333333
2682,263173.3333333333
2683,113693.33333333333
2684,177696.66666666666
2685,356313.5
2686,94940.0
2687,75483.33333333333
2688,178230.0
2689,177743.33333333334
2690,208073.33333333334
2691,234516.66666666666
2692,313856.6666666667
2693,113216.66666666667
2694,193663.33333333334
2695,207253.33333333334
2696,261820.03333333333
2697,256170.0
2698,222400.0
2699,315716.76666666666
2700,298090.0333333333
2701,189026.66666666666
2702,65696.66666666667
2703,157056.66666666666
2704,182503.33333333334
2705,182910.03333333333
2706,273686.6666666667
2707,236143.33333333334
2708,134226.66666666666
2709,70776.66666666667
2710,282056.7
2711,324823.3333333333
2712,164713.33333333334
2713,104830.0
2714,230466.73333333334
2715,191096.66666666666
2716,470630.63333333336
2717,238053.36666666667
2718,485187.4666666667
2719,108323.33333333333
2720,240750.0
2721,176260.0
2722,153183.33333333334
2723,244750.03333333333
2724,264896.6666666667
2725,101976.66666666667
2726,346100.0
2727,175200.03333333333
2728,241286.66666666666
2729,55743.333333333336
2730,470203.9666666667
2731,63406.666666666664
2732,227996.66666666666
2733,136533.33333333334
2734,279960.0
2735,168486.66666666666
2736,118326.66666666667
2737,264836.6666666667
2738,178220.0
2739,141236.66666666666
2740,133540.0
2741,166360.0
2742,73316.66666666667
2743,102876.66666666667
2744,118340.0
2745,168446.66666666666
2746,97613.33333333333
2747,215820.06666666668
2748,107766.66666666667
2749,149123.33333333334
2750,143893.33333333334
2751,433843.5
2752,231526.73333333334
2753,387003.4
2754,167763.33333333334
2755,215183.33333333334
2756,469217.23333333334
2757,64553.333333333336
2758,280800.0
2759,180163.33333333334
2760,213853.33333333334
2761,194873.33333333334
2762,154810.0
2763,365223.5
2764,362796.6666666667
2765,204183.33333333334
2766,268733.3333333333
2767,362453.4
2768,72126.66666666667
2769,150933.33333333334
2770,255400.03333333333
2771,116873.33333333333
2772,144843.33333333334
2773,92280.0
2774,434760.26666666666
2775,221580.0
2776,116836.66666666667
2777,161270.0
2778,177420.0
2779,342070.1
2780,135426.66666666666
2781,115513.33333333333
2782,346526.9
2783,117060.0
2784,257770.0
2785,124146.66666666667
2786,234226.66666666666
2787,186606.66666666666
2788,245836.66666666666
2789,344373.5
2790,333086.7
2791,68806.66666666667
2792,174846.66666666666
2793,98210.0
2794,249680.0
2795,470727.1666666667
2796,269853.3333333333
2797,169980.0
2798,115036.66666666667
2799,90376.66666666667
2800,100936.66666666667
2801,113830.0
2802,95143.33333333333
2803,252496.66666666666
2804,136146.66666666666
2805,211840.0
2806,138943.33333333334
2807,265170.0
2808,475690.5333333333
2809,112433.33333333333
2810,153810.0
2811,197063.33333333334
2812,73983.33333333333
2813,66093.33333333333
2814,180070.0
2815,367556.73333333334
2816,269806.73333333334
2817,122220.0
2818,375140.06666666665
2819,240730.0
2820,280630.0
2821,315410.1666666667
2822,202006.66666666666
2823,85776.66666666667
2824,272073.4
2825,250463.33333333334
2826,262333.4
2827,348263.43333333335
2828,169120.0
2829,182490.0
2830,161836.66666666666
2831,449693.86666666664
2832,175830.0
2833,233410.0
2834,199816.66666666666
2835,239036.66666666666
2836,378226.8333333333
2837,80476.66666666667
2838,382636.9
2839,121260.0
2840,94396.66666666667
2841,105876.66666666667
2842,124323.33333333333
2843,182983.33333333334
2844,82416.66666666667
2845,68423.33333333333
2846,190573.33333333334
2847,153153.33333333334
2848,179530.0
2849,347876.73333333334
2850,221053.33333333334
2851,225113.33333333334
2852,162340.0
2853,234580.0
2854,226976.66666666666
2855,104126.66666666667
2856,86113.33333333333
2857,138860.0
2858,336100.0
2859,56266.666666666664
2860,233103.33333333334
2861,456063.76666666666
2862,225463.33333333334
2863,129950.0
2864,73660.0
2865,457424.0
2866,98833.33333333333
2867,281523.3333333333
2868,116850.0
2869,270036.6666666667
2870,214346.66666666666
2871,257110.0
2872,178940.0
2873,362823.4
2874,213650.0
2875,168223.33333333334
2876,103636.66666666667
2877,81666.66666666667
2878,235680.03333333333
2879,391090.3333333333
2880,404366.76666666666
2881,270916.6666666667
2882,475333.93333333335
2883,284713.3333333333
2884,169300.0
2885,146680.0
2886,249956.66666666666
2887,93296.66666666667
2888,235176.66666666666
2889,290550.06666666665
2890,448003.7
2891,118343.33333333333
2892,154493.33333333334
2893,132370.0
2894,245326.66666666666
2895,188363.36666666667
2896,97010.0
2897,120226.66666666667
2898,273296.6666666667
2899,262956.7
2900,348276.8
2901,381523.43333333335
2902,103260.0
2903,191886.66666666666
2904,178616.66666666666
2905,113033.33333333333
2906,218660.0
2907,175476.66666666666
2908,474480.56666666665
2909,128206.66666666667
2910,238900.03333333333
2911,69950.0
2912,99890.0
2913,302000.0333333333
2914,154630.0
2915,421876.9666666667
2916,136503.33333333334
2917,428377.0
2918,251623.33333333334
2919,92473.33333333333
2920,299290.0333333333
2921,228000.0
2922,251406.66666666666
2923,84323.33333333333
2924,216350.06666666668
2925,342816.7
2926,116493.33333333333
2927,401857.06666666665
2928,271336.7
2929,307130.0
2930,432356.93333333335
2931,294483.3333333333
2932,137776.66666666666
2933,219650.0
2934,115823.33333333333
2935,184940.0
2936,175883.33333333334
2937,52233.333333333336
2938,406403.56666666665
2939,114333.33333333333
2940,126580.0
2941,216490.0
2942,138816.66666666666
2943,208140.0
2944,119133.33333333333
2945,200016.66666666666
2946,275196.6666666667
2947,263446.6666666667
2948,128726.66666666667
2949,498477.63333333336
2950,151200.0
2951,219456.66666666666
2952,209433.4
2953,173086.66666666666
2954,155400.0
2955,120546.66666666667
2956,234936.66666666666
2957,184696.66666666666
2958,91860.0
2959,148280.0
2960,475777.3
2961,210273.33333333334
2962,156826.66666666666
2963,247190.0
2964,230756.66666666666
2965,146773.33333333334
2966,130793.33333333333
2967,199743.33333333334
2968,260060.0
2969,113376.66666666667
2970,209583.36666666667
2971,164810.0
2972,79826.66666666667
2973,174006.66666666666
2974,226386.66666666666
2975,131376.66666666666
2976,92880.0
2977,300770.0
2978,258126.73333333334
2979,251223.33333333334
2980,184816.66666666666
2981,335153.4
2982,132186.66666666666
2983,272480.0
2984,176523.33333333334
2985,122316.66666666667
2986,180620.03333333333
2987,209910.03333333333
2988,290740.0333333333
2989,204070.03333333333
2990,99470.0
2991,129590.0
2992,146880.0
2993,386210.13333333336
2994,134416.66666666666
2995,215263.33333333334
2996,465243.9666666667
2997,214823.33333333334
2998,155890.0
2999,186413.33333333334
3000,150336.66666666666
3001,120180.0
3002,225786.66666666666
3003,163840.0
3004,280500.0333333333
3005,351353.5333333333
3006,298023.3333333333
3007,98096.66666666667
3008,91723.33333333333
3009,308803.3333333333
3010,223033.36666666667
3011,244303.33333333334
3012,412243.43333333335
3013,121986.66666666667
3014,150120.0
3015,60346.666666666664
3016,53123.333333333336
3017,108426.63333333333
3018,108316.66666666667
3019,288743.4
3020,120053.33333333333
3021,241030.0
3022,282473.3333333333
3023,491087.56666666665
3024,146006.66666666666
3025,209663.33333333334
3026,86020.0
3027,411833.56666666665
3028,286496.73333333334
3029,239853.33333333334
3030,133340.0
3031,296976.6666666667
3032,87713.33333333333
3033,220086.76666666666
3034,89016.66666666667
3035,275866.7
3036,160796.66666666666
3037,287670.0
3038,117056.66666666667
3039,121426.66666666667
3040,75193.33333333333
3041,274503.36666666664
3042,145590.0
3043,181686.66666666666
3044,240500.03333333333
3045,495007.5333333333
3046,178943.33333333334
3047,153450.0
3048,489080.8333333333
3049,226736.66666666666
3050,410263.56666666665
3051,229173.33333333334
3052,171463.33333333334
3053,225933.33333333334
3054,424310.2
3055,173823.33333333334
3056,198166.66666666666
3057,97120.0
3058,375306.86666666664
3059,242710.0
3060,488897.5333333333
3061,88013.33333333333
3062,262573.3333333333
3063,181746.66666666666
3064,156123.33333333334
3065,118966.66666666667
3066,196243.33333333334
3067,163143.33333333334
3068,90056.66666666667
3069,153590.0
3070,377360.2
3071,437160.23333333334
3072,160270.0
3073,345093.43333333335
3074,388760.06666666665
3075,206176.66666666666
3076,251536.66666666666
3077,142686.66666666666
3078,150656.66666666666
3079,100073.33333333333
3080,86163.33333333333
3081,204256.66666666666
3082,321970.0333333333
3083,245996.66666666666
3084,221556.66666666666
3085,179766.66666666666
3086,366066.8333333333
3087,177680.03333333333
3088,230336.66666666666
3089,167293.33333333334
3090,70106.66666666667
3091,175160.0
3092,174463.33333333334
3093,178710.0
3094,186546.66666666666
3095,228580.0
3096,167290.0
3097,414283.5
3098,219946.66666666666
3099,306850.0
3100,150210.0
3101,174600.0
3102,339890.0333333333
3103,227610.0
3104,319910.0
3105,128800.0
3106,138443.33333333334
3107,125683.33333333333
3108,184936.66666666666
3109,162630.0
3110,116203.33333333333
3111,325380.0333333333
3112,180006.66666666666
3113,100630.0
3114,255906.73333333334
3115,461900.56666666665
3116,262583.3333333333
3117,105040.0
3118,192753.33333333334
3119,293780.0333333333
3120,399747.0
3121,79563.33333333333
3122,326406.6666666667
3123,137583.36666666667
3124,206953.33333333334
3125,216456.66666666666
3126,76683.33333333333
3127,165420.0
3128,177906.66666666666
3129,79880.0
3130,90560.0
3131,235730.03333333333
3132,218660.0
3133,166886.66666666666
3134,230756.66666666666
3135,268400.0
3136,273536.73333333334
3137,130493.33333333333
3138,191143.33333333334
3139,94866.66666666667
3140,65943.33333333333
3141,77416.66666666667
3142,176610.0
3143,343136.7
3144,124116.66666666667
3145,440893.7
3146,161866.66666666666
3147,102143.33333333333
3148,171416.7
3149,168850.0
3150,124386.66666666667
3151,121436.66666666667
3152,72706.66666666667
3153,181530.0
3154,116126.66666666667
3155,54406.666666666664
3156,329763.3333333333
3157,425860.3333333333
3158,127896.66666666667
3159,189766.7
3160,230306.66666666666
3161,239476.66666666666
3162,218006.66666666666
3163,170830.0
3164,130960.0
3165,129773.33333333333
3166,100776.66666666667
3167,139630.0
3168,209786.66666666666
3169,110063.33333333333
3170,272220.0
3171,225996.66666666666
3172,162946.66666666666
3173,231840.0
3174,216930.0
3175,291286.76666666666
3176,97286.66666666667
3177,269436.6666666667
3178,353760.13333333336
3179,241743.36666666667
3180,102336.66666666667
3181,224903.33333333334
3182,93973.33333333333
3183,287146.7
3184,63803.333333333336
3185,75956.66666666667
3186,251763.33333333334
3187,190993.33333333334
3188,162930.0
3189,445840.26666666666
3190,151700.0
3191,95883.33333333333
3192,198966.66666666666
3193,313503.36666666664
3194,130160.0
3195,130780.0
3196,312960.0333333333
3197,97160.0
3198,144100.0
3199,300543.36666666664
3200,237713.33333333334
3201,97443.33333333333
3202,396820.26666666666
3203,193546.66666666666
3204,180460.0
3205,252760.0
3206,157463.33333333334
3207,210496.66666666666
3208,142373.33333333334
3209,226540.0
3210,95883.33333333333
3211,176966.66666666666
3212,231560.0
3213,220650.0
3214,131653.33333333334
3215,102690.0
3216,437113.8
3217,378743.5333333333
3218,193556.66666666666
3219,113230.0
3220,332063.4
3221,356216.76666666666
3222,244996.7
3223,229033.33333333334
3224,343456.8333333333
3225,72306.66666666667
3226,190920.0
3227,187903.33333333334
3228,374573.63333333336
3229,221923.33333333334
3230,133073.33333333334
3231,210830.0
3232,190880.0
3233,154350.0
3234,218630.0
3235,158363.33333333334
3236,172640.0
3237,147923.33333333334
3238,223820.0
3239,170306.66666666666
3240,342700.1
3241,289283.3333333333
3242,69013.33333333333
3243,302043.4
3244,331156.7
3245,214066.66666666666
3246,126853.33333333333
3247,92563.33333333333
3248,115223.33333333333
3249,493237.6
3250,270773.3333333333
3251,192196.66666666666
3252,115463.33333333333
3253,125773.33333333333
3254,137036.66666666666
3255,175166.66666666666
3256,376416.73333333334
3257,128440.0
3258,282113.3333333333
3259,210603.33333333334
3260,418593.56666666665
3261,410740.3333333333
3262,70390.0
3263,205623.33333333334
3264,107016.66666666667
3265,148720.0
3266,408130.3333333333
3267,227330.03333333333
3268,193486.66666666666
3269,114006.66666666667
3270,124676.66666666667
3271,199730.0
3272,99340.0
3273,134286.66666666666
3274,175633.33333333334
3275,110550.0
3276,366373.4
3277,73636.66666666667
3278,176583.33333333334
3279,244840.0
3280,201100.03333333333
3281,222660.03333333333
3282,75580.0
3283,188823.33333333334
3284,157060.0
3285,159523.33333333334
3286,345130.06666666665
3287,111100.0
3288,419873.6
3289,211073.36666666667
3290,100123.33333333333
3291,169183.33333333334
3292,218503.33333333334
3293,194106.66666666666
3294,173873.33333333334
3295,91690.0
3296,129690.0
3297,156280.03333333333
3298,241813.33333333334
3299,220463.33333333334
3300,258260.0
3301,221070.03333333333
3302,210363.33333333334
3303,123403.33333333333
3304,358240.0333333333
3305,133840.0
3306,186556.66666666666
3307,102070.0
3308,52346.666666666664
3309,165156.66666666666
3310,313860.0333333333
3311,145630.0
3312,185080.0
3313,233330.03333333333
3314,67390.0
3315,110183.33333333333
3316,199193.33333333334
3317,182846.66666666666
3318,88200.0
3319,270080.1
3320,191153.33333333334
3321,252623.33333333334
3322,111566.66666666667
3323,172200.0
3324,211413.33333333334
3325,96220.0
3326,76963.33333333333
3327,54803.333333333336
3328,382276.93333333335
3329,204833.36666666667
3330,100123.33333333333
3331,158703.33333333334
3332,277913.3333333333
3333,208886.66666666666
3334,175840.0
3335,172000.0
3336,51490.0
3337,120930.0
3338,53410.0
3339,326450.06666666665
3340,369720.1666666667
3341,147716.66666666666
3342,138720.0
3343,360403.36666666664
3344,96506.66666666667
3345,94990.0
3346,115763.33333333333
3347,212910.0
3348,153580.0
3349,456470.6666666667
3350,158480.0
3351,414450.36666666664
3352,187586.66666666666
3353,138623.33333333334
3354,480640.7
3355,263070.0
3356,375200.0333333333
3357,240386.66666666666
3358,62873.333333333336
3359,118503.33333333333
3360,111923.33333333333
3361,152296.66666666666
3362,399416.8
3363,199460.0
3364,315696.6666666667
3365,125316.66666666667
3366,201040.0
3367,233273.33333333334
3368,89926.66666666667
3369,378740.13333333336
3370,174330.0
3371,222320.0
3372,198610.03333333333
3373,254280.0
3374,232060.03333333333
3375,248950.0
3376,84970.0
3377,172863.33333333334
3378,150096.66666666666
3379,151656.66666666666
3380,195080.03333333333
3381,55913.333333333336
3382,127460.0
3383,287996.6666666667
3384,186136.66666666666
3385,212620.0
3386,366723.4666666667
3387,424393.63333333336
3388,230436.7
3389,240823.33333333334
3390,165476.66666666666
3391,178506.66666666666
3392,107136.66666666667
3393,189713.33333333334
3394,198176.66666666666
3395,267196.7
3396,185086.7
3397,148556.66666666666
3398,210713.33333333334
3399,210963.33333333334
3400,204500.0
3401,234576.66666666666
3402,126196.66666666667
3403,71853.33333333333
3404,137243.33333333334
3405,176076.66666666666
3406,250270.06666666668
3407,336760.1
3408,89336.66666666667
3409,214403.33333333334
3410,143570.0
3411,199550.0
3412,201413.33333333334
3413,75696.66666666667
3414,122833.33333333333
3415,309206.6666666667
3416,274390.0
3417,93526.66666666667
3418,168933.33333333334
3419,336086.6666666667
3420,81130.0
3421,176116.66666666666
3422,75890.0
3423,67633.33333333333
3424,187170.0
3425,133293.33333333334
3426,178720.0
3427,319210.06666666665
3428,343393.4
3429,116713.33333333333
3430,169923.33333333334
3431,307406.6666666667
3432,494947.6
3433,307106.6666666667
3434,482877.5
3435,89453.33333333333
3436,172446.66666666666
3437,211470.0
3438,114943.3
3439,63100.0
3440,150096.66666666666
3441,235770.03333333333
3442,99346.66666666667
3443,350563.4
3444,228546.66666666666
3445,267050.0
3446,125406.66666666667
3447,182366.66666666666
3448,500001.0
3449,439016.93333333335
3450,132543.33333333334
3451,374563.56666666665
3452,94463.33333333333
3453,188920.0
3454,239713.33333333334
3455,477790.86666666664
3456,113046.66666666667
3457,96460.0
3458,142376.66666666666
3459,300250.06666666665
3460,93980.0
3461,59533.333333333336
3462,224023.33333333334
3463,209640.03333333333
3464,404413.3333333333
3465,148813.33333333334
3466,230503.33333333334
3467,101956.66666666667
3468,228966.66666666666
3469,137890.0
3470,115806.66666666667
3471,74840.0
3472,195090.0
3473,198320.0
3474,226450.0
3475,459260.5
3476,213576.66666666666
3477,245786.7
3478,300746.73333333334
3479,118370.0
3480,181163.33333333334
3481,198296.66666666666
3482,93990.0
3483,236783.36666666667
3484,115010.0
3485,154706.66666666666
3486,75703.33333333333
3487,170273.33333333334
3488,101686.66666666667
3489,190206.66666666666
3490,437667.06666666665
3491,268100.0
3492,323726.6666666667
3493,245926.66666666666
3494,124816.66666666667
3495,146496.66666666666
3496,91633.33333333333
3497,159153.33333333334
3498,152630.0
3499,100890.0
3500,332353.3333333333
3501,182790.0
3502,205246.66666666666
3503,181843.33333333334
3504,153636.66666666666
3505,57716.666666666664
3506,117963.33333333333
3507,103963.33333333333
3508,65436.666666666664
3509,205660.0
3510,152833.33333333334
3511,94093.33333333333
3512,261150.0
3513,189083.33333333334
3514,426510.4
3515,121506.66666666667
3516,124680.0
3517,129093.33333333333
3518,101800.0
3519,144050.0
3520,280746.6666666667
3521,183790.0
3522,402460.43333333335
3523,179036.66666666666
3524,186986.66666666666
3525,196923.33333333334
3526,396210.1666666667
3527,169790.0
3528,174823.33333333334
3529,95023.33333333333
3530,111290.0
3531,121870.0
3532,476807.43333333335
3533,185866.76666666666
3534,107470.0
3535,132870.0
3536,198413.33333333334
3537,169303.33333333334
3538,254106.66666666666
3539,244866.66666666666
3540,155733.33333333334
3541,183110.0
3542,98656.66666666667
3543,384343.5
3544,89446.66666666667
3545,336373.5
3546,234016.66666666666
3547,144910.0
3548,287676.6666666667
3549,115746.66666666667
3550,277253.36666666664
3551,289266.6666666667
3552,163533.33333333334
3553,136770.0
3554,119520.0
3555,182220.0
3556,88366.5
3557,138976.66666666666
3558,74670.0
3559,278360.0333333333
3560,480987.3333333333
3561,230863.36666666667
3562,404346.93333333335
3563,348426.76666666666
3564,306136.6666666667
3565,389016.8
3566,119480.0
3567,248340.0
3568,134030.0
3569,268830.0
3570,180453.33333333334
3571,466853.9
3572,355753.5333333333
3573,407456.86666666664
3574,262210.0
3575,84886.66666666667
3576,317276.6666666667
3577,171280.0
3578,161936.66666666666
3579,135646.66666666666
3580,217920.0
3581,127933.33333333333
3582,267813.36666666664
3583,476310.8
3584,121240.0
3585,103230.0
3586,356356.76666666666
3587,183446.66666666666
3588,168720.0
3589,168306.66666666666
3590,134856.66666666666
3591,138126.66666666666
3592,253236.66666666666
3593,130326.66666666667
3594,360736.7
3595,139280.0
3596,108890.0
3597,205306.66666666666
3598,181763.33333333334
3599,130596.66666666667
3600,266340.0333333333
3601,213836.66666666666
3602,432360.36666666664
3603,101953.33333333333
3604,227256.66666666666
3605,119026.66666666667
3606,164040.0
3607,194156.66666666666
3608,272693.3333333333
3609,65100.0
3610,229663.33333333334
3611,224406.76666666666
3612,192983.33333333334
3613,488587.5
3614,196240.0
3615,177366.66666666666
3616,333520.0333333333
3617,345590.0
3618,207680.0
3619,117406.66666666667
3620,278606.7
3621,268240.0
3622,248723.36666666667
3623,229523.33333333334
3624,354426.7
3625,461703.86666666664
3626,217666.66666666666
3627,87013.33333333333
3628,302330.0
3629,71853.33333333333
3630,245423.33333333334
3631,127953.33333333333
3632,89840.0
3633,215953.33333333334
3634,148780.0
3635,274700.0
3636,121813.33333333333
3637,138636.66666666666
3638,120576.66666666667
3639,500001.0
3640,114916.66666666667
3641,154646.66666666666
3642,148553.33333333334
3643,250396.66666666666
3644,108400.0
3645,302993.4
3646,251640.06666666668
3647,161480.0
3648,256200.0
3649,224036.66666666666
3650,401150.3333333333
3651,111466.66666666667
3652,315576.73333333334
3653,175366.66666666666
3654,91483.33333333333
3655,249386.66666666666
3656,274623.3333333333
3657,328793.4
3658,338926.76666666666
3659,250296.66666666666
3660,156270.0
3661,195243.36666666667
3662,162330.0
3663,471950.56666666665
3664,475237.4666666667
3665,228333.33333333334
3666,232916.66666666666
3667,188980.0
3668,68080.0
3669,113853.36666666667
3670,197643.33333333334
3671,459017.3
3672,167533.33333333334
3673,247823.33333333334
3674,276290.06666666665
3675,171436.66666666666
3676,125686.66666666667
3677,189470.0
3678,265196.6666666667
3679,211810.0
3680,155200.0
3681,165903.33333333334
3682,62933.333333333336
3683,238070.0
3684,56813.333333333336
3685,96496.66666666667
3686,207376.66666666666
3687,95953.33333333333
3688,212926.66666666666
3689,119346.66666666667
3690,235970.03333333333
3691,210120.0
3692,372883.4666666667
3693,208040.0
3694,92230.0
3695,428657.13333333336
3696,72063.33333333333
3697,147573.33333333334
3698,63013.333333333336
3699,152906.66666666666
3700,291920.06666666665
3701,242736.66666666666
3702,247390.0
3703,99486.66666666667
3704,219286.66666666666
3705,174913.33333333334
3706,218946.66666666666
3707,93960.0
3708,157000.0
3709,92883.33333333333
3710,251890.0
3711,263800.0333333333
3712,219730.0
3713,167106.66666666666
3714,421690.3
3715,222596.66666666666
3716,107756.66666666667
3717,204010.0
3718,100010.0
3719,169466.66666666666
3720,263253.3333333333
3721,272376.6666666667
3722,142060.0
3723,61723.333333333336
3724,70766.66666666667
3725,121783.33333333333
3726,95546.66666666667
3727,196240.0
3728,73853.33333333333
3729,355956.6666666667
3730,394916.93333333335
3731,81606.66666666667
3732,468937.36666666664
3733,350726.6666666667
3734,164296.66666666666
3735,268466.6666666667
3736,163443.33333333334
3737,125953.33333333333
3738,268886.7
3739,150223.33333333334
3740,207310.0
3741,91723.33333333333
3742,350893.43333333335
3743,159110.0
3744,259120.0
3745,206690.0
3746,152683.33333333334
3747,249270.0
3748,86946.66666666667
3749,155010.0
3750,236723.33333333334
3751,88743.33333333333
3752,312120.0
3753,86146.66666666667
3754,136433.33333333334
3755,101046.66666666667
3756,175476.66666666666
3757,158960.0
3758,367113.4
3759,206643.33333333334
3760,189663.43333333332
3761,209240.0
3762,199003.33333333334
3763,268390.0
3764,468587.36666666664
3765,246420.0
3766,298906.73333333334
3767,88183.33333333333
3768,106123.33333333333
3769,193146.66666666666
3770,60656.666666666664
3771,177816.66666666666
3772,336726.7
3773,171160.0
3774,162673.33333333334
3775,351646.73333333334
3776,163986.66666666666
3777,66773.33333333333
3778,204213.33333333334
3779,370380.1
3780,129233.33333333333
3781,191963.33333333334
3782,229290.0
3783,394803.4
3784,118126.66666666667
3785,155830.0
3786,118786.66666666667
3787,171493.33333333334
3788,447470.4666666667
3789,50366.666666666664
3790,115690.0
3791,351726.6666666667
3792,188740.0
3793,98286.66666666667
3794,429233.73333333334
3795,231463.33333333334
3796,247866.66666666666
3797,218783.33333333334
3798,242386.66666666666
3799,198703.5
3800,220333.33333333334
3801,227786.66666666666
3802,194233.33333333334
3803,209463.33333333334
3804,228843.33333333334
3805,123346.66666666667
3806,107083.33333333333
3807,142410.0
3808,98983.33333333333
3809,153850.0
3810,187956.66666666666
3811,342820.06666666665
3812,397193.5333333333
3813,161846.66666666666
3814,269180.0
3815,101936.66666666667
3816,182603.33333333334
3817,97250.0
3818,220063.33333333334
3819,173760.0
3820,364383.4
3821,123583.33333333333
3822,163913.33333333334
3823,315443.36666666664
3824,160653.33333333334
3825,82500.0
3826,316780.06666666665
3827,160850.0
3828,226476.66666666666
3829,326693.4
3830,75566.66666666667
3831,201923.33333333334
3832,392923.6
3833,81646.66666666667
3834,404170.3
3835,117736.66666666667
3836,86726.66666666667
3837,252083.36666666667
3838,107360.0
3839,73610.0
3840,311866.73333333334
3841,355530.0333333333
3842,208230.0
3843,130266.66666666667
3844,102626.66666666667
3845,80900.0
3846,150570.0
3847,116103.33333333333
3848,97620.0
3849,207816.66666666666
3850,167960.0
3851,113836.66666666667
3852,152543.33333333334
3853,92986.66666666667
3854,84320.0
3855,168430.0
3856,236316.7
3857,363006.7
3858,260500.0
3859,328076.73333333334
3860,397966.8333333333
3861,305083.4
3862,342070.0333333333
3863,84833.33333333333
3864,126983.33333333333
3865,350363.3333333333
3866,232040.0
3867,122880.0
3868,142393.33333333334
3869,173636.66666666666
3870,139620.0
3871,284263.3333333333
3872,365576.86666666664
3873,155643.33333333334
3874,58036.666666666664
3875,299476.7
3876,185063.33333333334
3877,149003.33333333334
3878,265080.0333333333
3879,82933.33333333333
3880,140410.0
3881,194593.33333333334
3882,77900.0
3883,130930.0
3884,194800.0
3885,215083.33333333334
3886,68340.0
3887,82143.33333333333
3888,142786.66666666666
3889,210813.33333333334
3890,207096.66666666666
3891,122550.0
3892,139680.0
3893,177286.73333333334
3894,86140.0
3895,131063.33333333333
3896,202300.0
3897,205373.33333333334
3898,197056.66666666666
3899,86666.66666666667
3900,365710.1666666667
3901,77700.0
3902,424870.3
3903,350820.1666666667
3904,361666.7
3905,320033.36666666664
3906,106803.33333333333
3907,125163.33333333333
3908,139533.33333333334
3909,409746.93333333335
3910,312853.36666666664
3911,463404.0
3912,167393.33333333334
3913,72343.33333333333
3914,194483.36666666667
3915,198886.66666666666
3916,129113.33333333333
3917,262023.36666666667
3918,173806.66666666666
3919,134753.33333333334
3920,297533.36666666664
3921,339496.8
3922,201650.0
3923,381410.3333333333
3924,291820.0
3925,139530.0
3926,283346.6666666667
3927,257413.33333333334
3928,234720.0
3929,226600.0
3930,279956.6666666667
3931,233706.7
3932,74040.0
3933,432720.36666666664
3934,325010.0
3935,121583.33333333333
3936,381183.4
3937,203260.0
3938,152896.66666666666
3939,184583.36666666667
3940,153930.0
3941,231386.66666666666
3942,188933.33333333334
3943,322580.0333333333
3944,213870.0
3945,132346.66666666666
3946,95763.33333333333
3947,385203.4
3948,80770.0
3949,199646.66666666666
3950,173380.0
3951,105660.0
3952,317776.6666666667
3953,83453.33333333333
3954,127170.0
3955,186320.03333333333
3956,175376.66666666666
3957,90406.66666666667
3958,208180.0
3959,258563.4
3960,339433.4
3961,328713.3333333333
3962,368640.0
3963,183850.0
3964,200636.66666666666
3965,147850.03333333333
3966,108160.0
3967,126720.0
3968,137066.66666666666
3969,152083.33333333334
3970,172136.66666666666
3971,88440.0
3972,204506.66666666666
3973,213460.0
3974,172936.66666666666
3975,220990.0
3976,134220.0
3977,183956.66666666666
3978,183086.66666666666
3979,80673.33333333333
3980,500001.0
3981,98653.33333333333
3982,396063.36666666664
3983,181590.0
3984,85910.0
3985,226270.0
3986,63000.0
3987,362943.4
3988,240990.0
3989,278023.3333333333
3990,186373.33333333334
3991,253456.66666666666
3992,284703.3333333333
3993,105296.66666666667
3994,191953.33333333334
3995,224310.0
3996,185190.0
3997,57790.0
3998,185206.66666666666
3999,116153.33333333333
4000,202436.7
4001,78853.33333333333
4002,261583.33333333334
4003,66316.66666666667
4004,234686.66666666666
4005,277583.3333333333
4006,477597.43333333335
4007,170710.0
4008,484367.43333333335
4009,222636.7
4010,247323.4
4011,132706.66666666666
4012,320020.1
4013,191216.66666666666
4014,106153.33333333333
4015,227686.66666666666
4016,299106.6666666667
4017,213116.66666666666
4018,246120.0
4019,56870.0
4020,80563.33333333333
4021,166556.66666666666
4022,143020.0
4023,408233.6
4024,285873.3333333333
4025,102276.66666666667
4026,276703.36666666664
4027,220190.0
4028,204240.0
4029,245996.66666666666
4030,205600.0
4031,267840.0
4032,118926.66666666667
4033,114473.33333333333
4034,327763.4666666667
4035,337950.06666666665
4036,124840.0
4037,192926.66666666666
4038,56306.666666666664
4039,385636.93333333335
4040,65516.666666666664
4041,311256.6666666667
4042,243126.66666666666
4043,168183.33333333334
4044,292920.13333333336
4045,330783.5333333333
4046,229160.0
4047,85243.33333333333
4048,475840.8
4049,144863.33333333334
4050,118956.66666666667
4051,166953.33333333334
4052,109370.0
4053,411600.2
4054,379243.5
4055,266250.0
4056,179396.66666666666
4057,207873.33333333334
4058,95180.0
4059,472097.43333333335
4060,248506.83333333334
4061,210323.33333333334
4062,261043.33333333334
4063,83646.66666666667
4064,317556.7
4065,68980.0
4066,302193.3333333333
4067,100550.0
4068,155313.33333333334
4069,151516.66666666666
4070,157350.0
4071,210316.66666666666
4072,224506.7
4073,205023.33333333334
4074,478014.0333333333
4075,253203.33333333334
4076,176313.33333333334
4077,489214.23333333334
4078,158770.0
4079,162026.66666666666
4080,358006.7
4081,462487.2
4082,152283.33333333334
4083,234140.0
4084,154183.33333333334
4085,240396.66666666666
4086,138550.0
4087,158633.33333333334
4088,494984.3
4089,131210.0
4090,85279.96666666666
4091,347773.43333333335
4092,215326.66666666666
4093,141446.66666666666
4094,64300.0
4095,124550.0
4096,109510.0
4097,330076.9
4098,148856.66666666666
4099,375543.5333333333
4100,270826.7
4101,427883.4666666667
4102,228833.33333333334
4103,142120.0
4104,475863.93333333335
4105,357530.13333333336
4106,183936.66666666666
4107,73270.0
4108,113623.33333333333
4109,142816.66666666666
4110,176863.33333333334
4111,381096.76666666666
4112,378403.4
4113,122726.66666666667
4114,102370.0
4115,182280.0
4116,94786.66666666667
4117,198560.0
4118,89113.33333333333
4119,234710.03333333333
4120,251496.66666666666
4121,332203.43333333335
4122,60240.0
4123,160990.0
4124,424203.6
4125,90180.0
4126,363370.1
4127,175420.0
